id,x,y,z,yaw,pitch,roll,,,id,x,y,z,yaw,pitch,roll
1,1717.15,1014.63,0,-2.18947,-0.0186989,0.00160908,,,1,1717.2,1014.63,0,-2.18942,-0.0120621,0.00399478
2,1716.96,1014.33,0,-2.19037,-0.00492211,-0.00344327,,,2,1717.01,1014.31,0,-2.19128,-0.00844192,0.00283356
3,1716.72,1014.02,0,-2.19095,0.000648048,-0.00693975,,,3,1716.78,1013.97,0,-2.19276,-0.0091912,0.00550532
4,1716.53,1013.72,0,-2.19128,0.00179974,-0.00293928,,,4,1716.56,1013.69,0,-2.19307,-0.00447888,0.000590156
5,1716.33,1013.42,0,-2.193,-0.00103673,-0.00351326,,,5,1716.37,1013.39,0,-2.19529,-0.00854478,0.0013685
6,1716.07,1013.07,0,-2.19243,-0.00842698,-0.00145945,,,6,1716.14,1013.09,0,-2.19509,-0.0107851,0.0017537
7,1715.85,1012.79,0,-2.19354,-0.010069,-0.00164903,,,7,1715.94,1012.8,0,-2.19691,-0.0132668,0.00302997
8,1715.18,1011.91,0,-2.19508,-0.00897488,-0.0012989,,,8,1715.8,1012.61,0,-2.19566,-0.00175481,0.00739016
9,1714.97,1011.68,0,-2.19366,-0.00268925,-0.00507434,,,9,1715.59,1012.32,0,-2.19704,-0.00362716,0.00974319
10,1714.83,1011.43,0,-2.19922,-0.0115694,-0.00782979,,,10,1715.38,1012.04,0,-2.19717,-0.00706558,0.0101475
11,,,,,,,,,11,1715.17,1011.76,0,-2.19806,-0.00830535,0.0112158
12,,,,,,,,,12,1715.01,1011.55,0,-2.19869,-0.00762179,0.0110978
13,1714.66,1011.17,0,-2.20144,-0.0123545,-0.00645177,,,13,1714.81,1011.25,0,-2.2007,-0.00764375,0.0106896
14,1714.43,1010.86,0,-2.20133,-0.0150507,-0.00592628,,,14,1714.62,1011.02,0,-2.19986,-0.00924429,0.00957623
15,1714.2,1010.54,0,-2.20199,-0.0167351,-0.00556982,,,15,1714.39,1010.7,0,-2.20107,-0.0102829,0.00876803
16,1714,1010.25,0,-2.20262,-0.0190416,-0.000628147,,,16,1714.17,1010.41,0,-2.19988,-0.0025055,0.0102909
17,1713.79,1009.96,0,-2.20341,-0.0203233,-0.00102813,,,17,1714,1010.19,0,-2.20055,-0.0017164,0.0109725
18,1713.59,1009.7,0,-2.20434,-0.022162,-0.000994952,,,18,1713.76,1009.86,0,-2.20148,-0.00253838,0.0104847
19,1713.39,1009.43,0,-2.20538,-0.0233412,-0.000879049,,,19,1713.51,1009.52,0,-2.20236,-0.00507344,0.00935726
20,1713.18,1009.16,0,-2.20578,-0.0230542,-0.00176869,,,20,1713.38,1009.35,0,-2.20222,-0.00626933,0.00826806
21,1712.95,1008.84,0,-2.20589,-0.0251299,-0.000906444,,,21,1713.03,1008.91,0,-2.20114,-0.00648891,0.00849389
22,1712.72,1008.54,0,-2.20618,-0.028978,-0.00071291,,,22,1712.88,1008.71,0,-2.20151,-0.00563655,0.00999482
23,1712.49,1008.24,0,-2.2065,-0.0307726,-0.00120998,,,23,1712.68,1008.44,0,-2.20303,-0.00769668,0.00788676
24,1712.29,1007.98,0,-2.20664,-0.0326379,-0.00163344,,,24,1712.51,1008.2,0,-2.20377,-0.00881043,0.00710899
25,1712.07,1007.69,0,-2.20734,-0.0347391,-0.00169788,,,25,1712.24,1007.82,0,-2.20391,-0.00623255,0.00927605
26,1711.86,1007.45,0,-2.20744,-0.035578,-0.0096774,,,26,1712.1,1007.64,0,-2.20328,-0.00569039,0.00835841
27,1711.65,1007.19,0,-2.20813,-0.0382051,-0.0131403,,,27,1711.81,1007.28,0,-2.20228,-0.00531914,0.00688902
28,1711.45,1006.93,0,-2.20911,-0.0397929,-0.0139414,,,28,1711.68,1007.1,0,-2.20328,-0.00622008,0.00655619
29,1711.26,1006.67,0,-2.20981,-0.0422498,-0.0134305,,,29,1711.5,1006.86,0,-2.20292,-0.00806089,0.0058623
30,1711.04,1006.38,0,-2.20901,-0.0445399,-0.0130691,,,30,1711.27,1006.55,0,-2.20372,-0.00913042,0.00445605
31,1710.82,1006.09,0,-2.20805,-0.0458802,-0.0126365,,,31,1711.09,1006.33,0,-2.20466,-0.0141678,-0.00181751
32,1710.6,1005.79,0,-2.20628,-0.0466642,-0.0125161,,,32,1710.87,1006.06,0,-2.20333,-0.0136901,-0.003718
33,1710.4,1005.52,0,-2.20595,-0.0472416,-0.013165,,,33,1710.6,1005.69,0,-2.2024,-0.0148052,-0.00438165
34,1710.21,1005.27,0,-2.20532,-0.0481134,-0.0139809,,,34,1710.45,1005.5,0,-2.20337,-0.021001,-0.0055102
35,1710.02,1005.02,0,-2.2047,-0.0459388,-0.014427,,,35,1710.26,1005.24,0,-2.20208,-0.0230816,-0.00571909
36,1709.89,1004.76,0,-2.20304,-0.0392802,0.000998132,,,36,1710,1004.9,0,-2.20175,-0.0242162,-0.00665864
37,1709.71,1004.53,0,-2.20319,-0.0399749,0.000974545,,,37,1709.73,1004.55,0,-2.19991,-0.031907,-0.00557528
38,1709.51,1004.25,0,-2.20061,-0.0409358,0.00143905,,,38,1709.55,1004.35,0,-2.20262,-0.0607604,-0.0121627
39,1709.32,1003.99,0,-2.1983,-0.0411749,0.00135963,,,39,1709.36,1004.08,0,-2.20044,-0.0615034,-0.0124509
40,1709.16,1003.78,0,-2.19931,-0.0415222,0.000681002,,,40,1709.17,1003.83,0,-2.19957,-0.0634833,-0.0124477
41,1708.96,1003.52,0,-2.19782,-0.0423391,0.000984624,,,41,1708.98,1003.58,0,-2.19798,-0.0650035,-0.0127209
42,1708.61,1003.02,0,-2.19472,-0.0449697,0.00298793,,,42,1708.65,1003.14,0,-2.19494,-0.0669693,-0.0159916
43,1708.4,1002.73,0,-2.19259,-0.0474861,0.00526399,,,43,1708.42,1002.83,0,-2.19425,-0.0691006,-0.0159557
44,1708.22,1002.48,0,-2.19021,-0.0484391,0.00461853,,,44,1708.27,1002.63,0,-2.19204,-0.0653473,-0.0155633
45,1708.06,1002.27,0,-2.18998,-0.0491343,0.00552432,,,45,1708.07,1002.36,0,-2.19116,-0.0663978,-0.0179695
46,1707.86,1001.98,0,-2.1877,-0.0492618,0.00796244,,,46,1707.9,1002.13,0,-2.18931,-0.0673265,-0.0174413
47,1707.68,1001.73,0,-2.18627,-0.0501552,0.00750273,,,47,1707.74,1001.92,0,-2.18812,-0.0671617,-0.0198822
48,1707.5,1001.48,0,-2.18403,-0.051321,0.00715728,,,48,1707.52,1001.64,0,-2.18518,-0.065827,-0.0230422
49,1707.32,1001.25,0,-2.18231,-0.0508317,0.00354379,,,49,1707.4,1001.47,0,-2.18455,-0.0679193,-0.0231662
50,1707.15,1001.01,0,-2.18046,-0.05082,0.0025182,,,50,1707.2,1001.19,0,-2.18227,-0.0703263,-0.0222392
51,1706.97,1000.79,0,-2.17709,-0.0459926,-0.00480459,,,51,1707.08,1001.01,0,-2.18178,-0.0723387,-0.0222326
52,1706.81,1000.58,0,-2.17527,-0.0424099,-0.00902399,,,52,1706.93,1000.79,0,-2.17955,-0.0735032,-0.0214759
53,1706.68,1000.36,0,-2.17322,-0.0354356,-0.0025441,,,53,1706.76,1000.53,0,-2.17763,-0.0750235,-0.0182391
54,1706.52,1000.13,0,-2.17043,-0.0363739,-0.0043946,,,54,1706.57,1000.21,0,-2.17178,-0.0482012,-0.010058
55,1706.26,999.788,0,-2.16907,-0.0399789,-0.00489696,,,55,1706.4,999.969,0,-2.17064,-0.0498614,-0.0104913
56,1706.16,999.623,0,-2.1666,-0.040403,-0.00515261,,,56,1706.33,999.861,0,-2.16819,-0.050049,-0.010475
57,1706.02,999.427,0,-2.16581,-0.0414842,-0.00473031,,,57,1706.19,999.65,0,-2.16687,-0.0513999,-0.0102591
58,1705.85,999.175,0,-2.16387,-0.0425661,-0.00393635,,,58,1705.98,999.364,0,-2.16508,-0.0531562,-0.0106224
59,1705.68,998.933,0,-2.1628,-0.0438278,-0.00364904,,,59,1705.81,999.11,0,-2.16404,-0.0550376,-0.0104565
60,1705.56,998.747,0,-2.16058,-0.044644,-0.00501452,,,60,1705.64,998.853,0,-2.16172,-0.0565199,-0.00986491
61,1705.39,998.52,0,-2.1589,-0.0459531,-0.00525032,,,61,1705.53,998.673,0,-2.16016,-0.0573841,-0.00799617
62,1705.29,998.36,0,-2.15665,-0.0468763,-0.00475301,,,62,1705.38,998.437,0,-2.15749,-0.0584764,-0.00512858
63,1705.09,998.05,0,-2.1551,-0.0497695,-0.00176712,,,63,1705.2,998.181,0,-2.15628,-0.0592015,-0.0041993
64,1704.98,997.84,0,-2.15276,-0.0496042,0.00341882,,,64,1705.07,997.979,0,-2.15405,-0.0599851,-0.0058215
65,1704.85,997.652,0,-2.15178,-0.0510556,0.00217243,,,65,1704.97,997.835,0,-2.15325,-0.0608756,-0.00590566
66,1704.64,997.345,0,-2.14933,-0.0531285,0.00190248,,,66,1704.75,997.54,0,-2.15129,-0.0608111,-0.0115055
67,1704.54,997.192,0,-2.14821,-0.0539806,0.00107402,,,67,1704.64,997.37,0,-2.14991,-0.0623009,-0.0112454
68,1704.23,996.805,0,-2.14404,-0.0541089,-0.0113013,,,68,1704.43,997.061,0,-2.14751,-0.0640885,-0.00981929
69,1704.12,996.629,0,-2.14332,-0.0553422,-0.0117753,,,69,1704.31,996.87,0,-2.14454,-0.0581734,-0.0141342
70,1703.93,996.355,0,-2.1415,-0.056629,-0.0122921,,,70,1704.12,996.589,0,-2.14224,-0.0594148,-0.0148724
71,1703.86,996.224,0,-2.14117,-0.0567781,-0.0122334,,,71,1703.95,996.336,0,-2.14147,-0.0595042,-0.0149671
72,1703.73,996.029,0,-2.13935,-0.0578732,-0.0147255,,,72,1703.81,996.125,0,-2.13969,-0.0615653,-0.0163202
73,1703.55,995.771,0,-2.13796,-0.0573837,-0.0173587,,,73,1703.72,995.961,0,-2.13843,-0.0626553,-0.0162516
74,1703.43,995.584,0,-2.13675,-0.0588226,-0.0169026,,,74,1703.55,995.705,0,-2.13703,-0.0643783,-0.0162246
75,1703.3,995.37,0,-2.13569,-0.0603231,-0.0162468,,,75,1703.36,995.42,0,-2.13602,-0.0649683,-0.0179674
76,1703.12,995.094,0,-2.13429,-0.0628739,-0.014646,,,76,1703.22,995.216,0,-2.13454,-0.0667918,-0.0188857
77,1702.79,994.578,0,-2.13202,-0.0661279,-0.0149257,,,77,1702.91,994.729,0,-2.13264,-0.0703913,-0.0181425
78,1702.68,994.4,0,-2.13171,-0.0658256,-0.0136493,,,78,1702.74,994.48,0,-2.13215,-0.0707796,-0.0185462
79,1702.48,994.121,0,-2.13039,-0.0651357,-0.0170409,,,79,1702.68,994.372,0,-2.13134,-0.0713475,-0.0190046
80,1702.34,993.898,0,-2.13092,-0.0661409,-0.0177297,,,80,1702.62,994.255,0,-2.13123,-0.0713508,-0.0192497
81,1702.16,993.617,0,-2.1306,-0.0671188,-0.017473,,,81,1702.43,993.968,0,-2.13133,-0.0689248,-0.0201592
82,1701.99,993.36,0,-2.13137,-0.0708571,-0.0211472,,,82,1702.23,993.662,0,-2.13144,-0.0700942,-0.0216983
83,1701.81,993.143,0,-2.13323,-0.071436,-0.0328977,,,83,1702.06,993.4,0,-2.13264,-0.0721605,-0.022121
84,1701.65,992.903,0,-2.13442,-0.0725768,-0.0331214,,,84,1702,993.285,0,-2.1338,-0.0725062,-0.0226583
85,1701.52,992.597,0,-2.13311,-0.0597272,-0.0234945,,,85,1701.76,992.94,0,-2.13255,-0.0588116,-0.0268994
86,1701.35,992.334,0,-2.1332,-0.0611808,-0.0235224,,,86,1701.65,992.747,0,-2.13316,-0.060036,-0.0266364
87,1701.16,992.065,0,-2.13382,-0.0620927,-0.026095,,,87,1701.48,992.503,0,-2.13357,-0.060994,-0.0275282
88,1701.04,991.859,0,-2.13443,-0.0621057,-0.0248299,,,88,1701.38,992.343,0,-2.13352,-0.0611434,-0.027924
89,1700.86,991.588,0,-2.1358,-0.0624243,-0.0221865,,,89,1701.2,992.08,0,-2.13506,-0.0620291,-0.0282262
90,1700.76,991.399,0,-2.13727,-0.0631202,-0.0209301,,,90,1700.99,991.682,0,-2.13652,-0.061077,-0.0173836
91,1700.55,991.107,0,-2.13964,-0.0626527,-0.0251046,,,91,1700.88,991.51,0,-2.13891,-0.0619815,-0.0176532
92,1700.4,990.874,0,-2.14142,-0.0631955,-0.0245876,,,92,1700.69,991.216,0,-2.14053,-0.0634365,-0.0178023
93,1700.27,990.672,0,-2.14223,-0.0480918,-0.0276166,,,93,1700.51,990.918,0,-2.1428,-0.0623186,-0.0125829
94,1700.04,990.344,0,-2.145,-0.0473929,-0.0299332,,,94,1700.07,990.303,0,-2.14402,-0.049532,-0.0159553
95,1699.94,990.147,0,-2.14794,-0.0479258,-0.0248849,,,95,1700.28,990.53,0,-2.14652,-0.0408087,-0.0061856
96,1699.76,989.895,0,-2.14937,-0.0480632,-0.0275702,,,96,1699.94,990.128,0,-2.14928,-0.0485403,-0.0268686
97,1699.61,989.654,0,-2.15185,-0.0489673,-0.0278251,,,97,1699.77,989.894,0,-2.15061,-0.046128,-0.0336705
98,1699.45,989.413,0,-2.15253,-0.0434379,-0.0311636,,,98,1699.56,989.289,0,-2.13833,-0.0444558,-0.0247726
99,1699.42,989.024,0,-2.1418,-0.0477614,-0.0196726,,,99,1699.4,989.037,0,-2.14037,-0.0462073,-0.0237382
100,1699.29,988.818,0,-2.14356,-0.0489806,-0.0179495,,,100,1699.32,988.693,0,-2.14498,-0.0511111,0.0122358
101,1699.16,988.42,0,-2.14752,-0.0517493,0.0135423,,,101,1699.16,988.441,0,-2.14876,-0.052049,0.0132338
102,1698.99,988.158,0,-2.14915,-0.0534474,0.0143686,,,102,1699.02,988.209,0,-2.15014,-0.0524435,0.012324
103,1698.79,987.862,0,-2.15204,-0.0545507,0.0148298,,,103,1698.79,987.889,0,-2.15052,-0.0518746,0.00944459
104,1698.63,987.672,0,-2.15329,-0.0549,0.0095802,,,104,1698.58,987.805,0,-2.15455,-0.0449327,-0.00906466
105,1698.45,987.4,0,-2.15704,-0.0576789,0.00841547,,,105,1698.38,987.5,0,-2.15785,-0.0475148,-0.00700936
106,1698.32,987.27,0,-2.15841,-0.0578007,0.00106653,,,106,1698.35,987.439,0,-2.15891,-0.0474939,-0.00650179
107,1698.02,987.002,0,-2.15568,-0.0377126,-0.0266086,,,107,1698.09,987.023,0,-2.16218,-0.0511127,0.00127265
108,1697.94,986.871,0,-2.15729,-0.0393578,-0.0286042,,,108,1698.02,986.912,0,-2.16373,-0.0513244,-0.00124716
109,1697.66,986.504,0,-2.15968,-0.0406145,-0.0342184,,,109,1697.86,986.652,0,-2.1663,-0.0530662,0.00275812
110,1697.52,986.318,0,-2.16097,-0.0416427,-0.0397286,,,110,1697.71,986.415,0,-2.16839,-0.0550467,0.00505314
111,1697.41,986.027,0,-2.16244,-0.0360012,-0.013185,,,111,1697.54,986.194,0,-2.17076,-0.0563135,0.00351008
112,1697.25,985.742,0,-2.16428,-0.040472,-0.00743012,,,112,1697.27,985.819,0,-2.17201,-0.0570057,-0.00130002
113,1697.15,985.621,0,-2.16728,-0.0419998,-0.0116877,,,113,1697.11,985.626,0,-2.17458,-0.0576807,-0.00804252
114,1697.01,985.416,0,-2.16898,-0.043871,-0.0105904,,,114,1696.91,985.351,0,-2.16823,-0.0384934,-0.0282733
115,1696.8,985.1,0,-2.17183,-0.0461373,-0.00726964,,,115,1696.83,985.266,0,-2.17099,-0.0401148,-0.0309642
116,1696.7,984.944,0,-2.17337,-0.0480221,-0.0071874,,,116,1696.64,984.98,0,-2.17224,-0.0430551,-0.0280952
117,1696.52,984.673,0,-2.17672,-0.0500087,-0.0025347,,,117,1696.47,984.716,0,-2.17531,-0.0446008,-0.0260529
118,1696.37,984.484,0,-2.17834,-0.0504005,-0.00659117,,,118,1696.32,984.535,0,-2.17724,-0.0406401,-0.0296069
119,1696.22,984.201,0,-2.1802,-0.0421074,0.0075791,,,119,1696.17,984.371,0,-2.18007,-0.0413876,-0.0352128
120,1696.13,984.071,0,-2.18169,-0.0434801,0.00933936,,,120,1696.05,984.21,0,-2.18134,-0.0417928,-0.0362146
121,1695.98,983.893,0,-2.18426,-0.0452287,0.00249728,,,121,1695.93,983.998,0,-2.1835,-0.0409948,-0.0280998
122,1695.85,983.704,0,-2.18561,-0.0471244,0.00382878,,,122,1695.76,983.744,0,-2.18439,-0.0449002,-0.0282626
123,1695.71,983.529,0,-2.18735,-0.0485745,0.00189073,,,123,1695.62,983.625,0,-2.18615,-0.0474056,-0.0400737
124,1695.58,983.362,0,-2.18827,-0.0501716,-0.00278657,,,124,1695.46,983.398,0,-2.18708,-0.0487636,-0.0405185
125,1695.44,983.177,0,-2.18962,-0.0511009,-0.00100064,,,125,1695.42,983.364,0,-2.1879,-0.0493825,-0.0422239
126,1695.27,982.913,0,-2.1914,-0.0527882,0.00117606,,,126,1695.13,982.934,0,-2.19003,-0.0540842,-0.0385652
127,1695.11,982.699,0,-2.19287,-0.0550307,0.00136256,,,127,1695.03,982.758,0,-2.19155,-0.0547137,-0.0322267
128,1694.97,982.524,0,-2.19343,-0.0567843,-0.00209759,,,128,1694.9,982.613,0,-2.19178,-0.0561297,-0.0372364
129,1694.82,982.359,0,-2.19399,-0.0581795,-0.00566872,,,129,1694.73,982.415,0,-2.19342,-0.0573377,-0.0434758
130,1694.67,982.139,0,-2.19502,-0.0601209,-0.00373583,,,130,1694.58,982.224,0,-2.19372,-0.0589787,-0.045835
131,1694.49,981.898,0,-2.1967,-0.0620153,-0.00462391,,,131,1694.45,982.055,0,-2.19508,-0.0600904,-0.0455395
132,1694.35,981.738,0,-2.19665,-0.0625208,-0.0106301,,,132,1694.27,981.823,0,-2.19532,-0.0608325,-0.0481295
133,1694.16,981.473,0,-2.1977,-0.0636664,-0.00928091,,,133,1694.13,981.647,0,-2.19606,-0.0613837,-0.0521733
134,1694.01,981.259,0,-2.19896,-0.0626075,-0.00761591,,,134,1693.96,981.277,0,-2.19609,-0.0410359,-0.0332701
135,1693.89,981.125,0,-2.20054,-0.0659575,-0.0114959,,,135,1693.77,981.041,0,-2.19713,-0.0425401,-0.0381422
136,1693.72,980.897,0,-2.20126,-0.0696559,-0.00976657,,,136,1693.64,980.867,0,-2.1974,-0.0444903,-0.0380321
137,1693.61,980.749,0,-2.20126,-0.0701506,-0.0109701,,,137,1693.47,980.664,0,-2.19788,-0.0464791,-0.0442466
138,1693.54,980.381,0,-2.19604,-0.033449,0.0225038,,,138,1693.33,980.491,0,-2.19818,-0.0483924,-0.0474156
139,1693.41,980.242,0,-2.19712,-0.0347013,0.0186593,,,139,1693.17,980.295,0,-2.19865,-0.0505874,-0.0531288
140,1693.14,979.93,0,-2.19728,-0.0365353,0.00788201,,,140,1693.01,980.12,0,-2.19894,-0.0525615,-0.0616738
141,1692.97,979.734,0,-2.19794,-0.0378845,0.00423457,,,141,1692.83,979.898,0,-2.19906,-0.0536404,-0.0640601
142,1692.81,979.521,0,-2.19766,-0.0392818,0.00458356,,,142,1692.68,979.716,0,-2.19864,-0.0552459,-0.066903
143,1692.69,979.393,0,-2.19723,-0.0399695,0.000826499,,,143,1692.49,979.488,0,-2.19822,-0.0566943,-0.0687283
144,1692.52,979.176,0,-2.19692,-0.0418285,-0.00299108,,,144,1692.39,979.275,0,-2.19977,-0.0594989,-0.0600903
145,1692.37,978.988,0,-2.19659,-0.0436833,-0.00497749,,,145,1692.27,979.055,0,-2.19941,-0.0589724,-0.0503869
146,1692.2,978.751,0,-2.19649,-0.0461041,-0.00858415,,,146,1692.2,978.976,0,-2.19893,-0.0582407,-0.0510635
147,1692.06,978.541,0,-2.19592,-0.0475714,-0.00586351,,,147,1692,978.709,0,-2.19832,-0.0603792,-0.0552659
148,1691.93,978.35,0,-2.19611,-0.0489269,-0.00378079,,,148,1691.81,978.489,0,-2.19762,-0.0629777,-0.0611398
149,1691.84,978.269,0,-2.19527,-0.0499377,-0.00653687,,,149,1691.75,978.378,0,-2.19726,-0.0629901,-0.0518311
150,1691.8,978.232,0,-2.19399,-0.0508979,-0.00946735,,,150,1691.67,978.343,0,-2.19581,-0.0641553,-0.0662515
151,1691.64,978.04,0,-2.19225,-0.0526681,-0.0122531,,,151,1691.63,978.337,0,-2.19344,-0.0646767,-0.0782444
152,1691.57,978.056,0,-2.19052,-0.0540512,-0.0282808,,,152,1691.53,978.289,0,-2.19197,-0.0657766,-0.0936164
153,1691.21,977.544,0,-2.18991,-0.0585651,-0.0271818,,,153,1691.49,978.234,0,-2.19177,-0.0648246,-0.0897724
154,1690.98,977.273,0,-2.18925,-0.0597145,-0.0367268,,,154,1691.5,978.279,0,-2.19078,-0.0647274,-0.092767
155,1690.91,977.226,0,-2.18678,-0.0603668,-0.0449659,,,155,1691.47,978.293,0,-2.18819,-0.0664719,-0.102358
156,1690.84,977.161,0,-2.18407,-0.0593861,-0.0516379,,,156,1691.42,978.239,0,-2.18589,-0.0655683,-0.108997
157,1690.6,976.887,0,-2.18192,-0.0606092,-0.0661384,,,157,1691.32,978.26,0,-2.18183,-0.0699374,-0.150591
158,1690.95,976.542,0,-2.20809,-0.0279683,-0.0129344,,,158,1691.3,978.256,0,-2.17882,-0.0702975,-0.160533
159,1690.7,976.272,0,-2.20409,-0.0311289,-0.0101444,,,159,1691.31,978.244,0,-2.17706,-0.0669743,-0.15139
160,1690.39,976.043,0,-2.19922,-0.0355813,-0.00781026,,,160,1691.3,978.226,0,-2.17678,-0.0658479,-0.143036
161,1690.27,975.879,0,-2.19735,-0.0360343,-0.00803581,,,161,1690.37,975.854,0,-2.20039,0.00273195,-0.00694328
162,1690.1,975.64,0,-2.19489,-0.0381724,-0.00654381,,,162,1690.21,975.633,0,-2.19818,0.00140521,-0.00562782
163,1689.99,975.473,0,-2.19289,-0.0385162,-0.00570417,,,163,1690.06,975.415,0,-2.1953,0.000971755,-0.00424651
164,1689.82,975.25,0,-2.19191,-0.039814,-0.00463312,,,164,1689.93,975.249,0,-2.19447,-0.000675492,-0.00169083
165,1689.65,975.002,0,-2.18923,-0.0397039,-0.00443123,,,165,1689.7,974.92,0,-2.19318,-0.000140003,-0.00364175
166,1689.5,974.768,0,-2.18904,-0.0392019,-0.00595027,,,166,1689.61,974.814,0,-2.19101,1.1252E-05,-0.00407102
167,1689.4,974.626,0,-2.18577,-0.0384391,-0.00685923,,,167,1689.51,974.689,0,-2.18729,-0.000294878,-0.00484912
168,1689.23,974.383,0,-2.18482,-0.0400234,-0.00641391,,,168,1689.34,974.463,0,-2.18613,-0.0010584,-0.0053404
169,1689.1,974.221,0,-2.18118,-0.0415586,-0.00616677,,,169,1689.23,974.303,0,-2.1828,-0.00231779,-0.00460135
170,1688.92,973.923,0,-2.18164,-0.0413487,-0.00676576,,,170,1689.13,974.154,0,-2.18249,-0.00206733,-0.00541777
171,1688.77,973.695,0,-2.17735,-0.0422124,-0.00726252,,,171,1688.93,973.866,0,-2.17782,-0.0027857,-0.00498929
172,1688.59,973.375,0,-2.17862,-0.0393338,-0.007586,,,172,1688.75,973.609,0,-2.17712,-0.00206306,-0.00467344
173,1688.54,973.337,0,-2.17376,-0.0400508,-0.00677373,,,173,1688.56,973.366,0,-2.17418,-0.00150097,-0.00567433
174,1688.35,973.019,0,-2.17517,-0.0388081,-0.00654868,,,174,1688.46,972.999,0,-2.17645,-0.00234924,0.00231283
175,1688.22,972.798,0,-2.17392,-0.00971787,-0.0113396,,,175,1688.28,972.74,0,-2.1738,-0.00559825,0.00443542
176,1688.1,972.614,0,-2.17354,-0.0114499,-0.0108716,,,176,1688.17,972.585,0,-2.17354,-0.00677227,0.00400589
177,1687.97,972.426,0,-2.17031,-0.0124178,-0.0109356,,,177,1688.03,972.388,0,-2.1707,-0.00870572,0.00454305
178,1687.81,972.24,0,-2.17021,-0.0125237,-0.0113613,,,178,1687.88,972.123,0,-2.17037,-0.0154643,0.00927391
179,1687.69,972.071,0,-2.1686,-0.0119573,-0.0119579,,,179,1687.78,971.985,0,-2.16838,-0.0156733,0.00891434
180,1687.52,971.843,0,-2.16695,-0.0134729,-0.0124505,,,180,1687.64,971.784,0,-2.16755,-0.016414,0.00823385
181,1687.41,971.661,0,-2.16552,-0.0138995,-0.0126788,,,181,1687.54,971.584,0,-2.16588,-0.0168992,0.00796
182,1687.25,971.45,0,-2.16435,-0.0133286,-0.012696,,,182,1687.38,971.386,0,-2.16448,-0.0162716,0.00748728
183,1687.15,971.294,0,-2.16183,-0.0133297,-0.0125183,,,183,1687.27,971.208,0,-2.16233,-0.0165299,0.00794131
184,1687.05,971.114,0,-2.16185,-0.0141373,-0.0121495,,,184,1687.18,971.042,0,-2.16205,-0.0167172,0.00888966
185,1686.91,970.921,0,-2.15989,-0.0141462,-0.0120954,,,185,1687.06,970.872,0,-2.15978,-0.0167332,0.00863737
186,1686.8,970.75,0,-2.15893,-0.0143072,-0.0118821,,,186,1686.92,970.661,0,-2.15961,-0.0158363,0.00857149
187,1686.67,970.575,0,-2.15639,-0.016462,-0.0111088,,,187,1686.78,970.451,0,-2.15663,-0.0178636,0.00949904
188,1686.54,970.388,0,-2.15538,-0.0169711,-0.0112294,,,188,1686.65,970.267,0,-2.15622,-0.0178918,0.00872122
189,1686.51,970.345,0,-2.15249,-0.0168762,-0.0115724,,,189,1686.56,970.142,0,-2.15332,-0.0193725,0.00914557
190,1686.33,970.066,0,-2.15259,-0.0185779,-0.0113281,,,190,1686.36,969.844,0,-2.15417,-0.0234148,0.00897317
191,1686.3,970.04,0,-2.14964,-0.018172,-0.0112252,,,191,1686.28,969.732,0,-2.15153,-0.0235704,0.00927745
192,1686.09,969.733,0,-2.1507,-0.0187476,-0.011406,,,192,1686.19,969.596,0,-2.15094,-0.0242273,0.00896673
193,1686.04,969.649,0,-2.14753,-0.0188868,-0.0114642,,,193,1686.08,969.453,0,-2.14964,-0.0232363,0.00869325
194,1685.86,969.361,0,-2.14823,-0.0198687,-0.0112915,,,194,1685.95,969.234,0,-2.14925,-0.0260824,0.00908798
195,1685.77,969.216,0,-2.14643,-0.0203485,-0.0112371,,,195,1685.81,969.026,0,-2.14683,-0.0267913,0.00905934
196,1685.63,969.014,0,-2.14621,-0.020415,-0.0117748,,,196,1685.72,968.878,0,-2.14616,-0.0271372,0.00926103
197,1685.54,968.896,0,-2.14321,-0.0211174,-0.0116025,,,197,1685.61,968.714,0,-2.14441,-0.0274287,0.00921445
198,1685.39,968.645,0,-2.14327,-0.0210503,-0.0118385,,,198,1685.53,968.587,0,-2.14397,-0.0282447,0.0088135
199,1685.26,968.459,0,-2.14204,-0.0207213,-0.0121005,,,199,1685.38,968.368,0,-2.14305,-0.0291592,0.00885035
200,1685.15,968.268,0,-2.14185,-0.0216966,-0.0112459,,,200,1685.29,968.217,0,-2.14222,-0.0299837,0.00924881
201,1685.06,968.117,0,-2.13964,-0.0212723,-0.0115783,,,201,1685.17,968.051,0,-2.14012,-0.0295454,0.0090927
202,1684.92,967.919,0,-2.13857,-0.0222436,-0.0117259,,,202,1685.13,967.949,0,-2.14042,-0.0299987,0.00870697
203,1684.82,967.765,0,-2.13692,-0.0227031,-0.0120225,,,203,1684.95,967.694,0,-2.13815,-0.0318032,0.00880131
204,1684.75,967.629,0,-2.13648,-0.0233986,-0.011717,,,204,1684.85,967.538,0,-2.13725,-0.0319006,0.0084479
205,1684.63,967.444,0,-2.13516,-0.024058,-0.0115536,,,205,1684.75,967.376,0,-2.13602,-0.032859,0.00886056
206,1684.52,967.284,0,-2.13416,-0.0248196,-0.0114443,,,206,1684.64,967.22,0,-2.1334,-0.0293884,0.00872175
207,1684.4,967.099,0,-2.13212,-0.0248033,-0.0112946,,,207,1684.57,967.119,0,-2.13086,-0.0295792,0.00903243
208,1684.29,966.929,0,-2.13167,-0.0246714,-0.0111957,,,208,1684.43,966.871,0,-2.13257,-0.0291432,0.00858108
209,1684.17,966.746,0,-2.12945,-0.0262947,-0.0108025,,,209,1684.26,966.615,0,-2.13013,-0.0341304,0.00907053
210,1684.05,966.565,0,-2.12857,-0.0271594,-0.0107505,,,210,1684.16,966.484,0,-2.12862,-0.034417,0.00909883
211,1683.95,966.405,0,-2.12691,-0.0276258,-0.0110555,,,211,1684.14,966.419,0,-2.12564,-0.0355439,0.00940308
212,1683.87,966.252,0,-2.12597,-0.028849,-0.0106513,,,212,1684,966.188,0,-2.12593,-0.0371626,0.009543
213,1683.74,966.031,0,-2.12454,-0.0304861,-0.0103318,,,213,1683.96,966.109,0,-2.12272,-0.0379702,0.00953947
214,1683.71,965.981,0,-2.12204,-0.0310027,-0.0100803,,,214,1683.84,965.952,0,-2.12209,-0.0367471,0.00862911
215,1683.63,965.854,0,-2.11972,-0.0300368,-0.01027,,,215,1683.76,965.816,0,-2.12074,-0.0367509,0.00834816
216,1683.55,965.71,0,-2.11991,-0.0370872,-0.0100986,,,216,1683.63,965.621,0,-2.11923,-0.0364568,0.00835302
217,1683.42,965.498,0,-2.11774,-0.039573,-0.00968273,,,217,1683.48,965.393,0,-2.11678,-0.0380108,0.00842122
218,1683.31,965.323,0,-2.11654,-0.0388361,-0.00937203,,,218,1683.39,965.245,0,-2.11685,-0.0420137,0.00847438
219,1683.15,965.082,0,-2.11544,-0.0392723,-0.00948741,,,219,1683.27,965.06,0,-2.11541,-0.0408291,0.0078793
220,1682.98,964.785,0,-2.11544,-0.0421744,-0.00914231,,,220,1683.14,964.848,0,-2.11453,-0.0424076,0.00816333
221,1682.89,964.65,0,-2.11107,-0.0417124,-0.00886272,,,221,1683.08,964.684,0,-2.11442,-0.0428616,0.00838998
222,1682.75,964.437,0,-2.11056,-0.0442138,-0.00895294,,,222,1682.95,964.442,0,-2.11427,-0.0451106,0.00890119
223,1682.63,964.121,0,-2.11154,-0.0559346,-0.00467987,,,223,1682.71,964.134,0,-2.11117,-0.0449338,0.00773057
224,1682.47,963.858,0,-2.11299,-0.052294,-0.00603684,,,224,1682.55,963.82,0,-2.11404,-0.0470672,0.00789788
225,1682.35,963.623,0,-2.11206,-0.0561829,-0.00534056,,,225,1682.44,963.622,0,-2.11214,-0.0501947,0.00851349
226,1682.28,963.471,0,-2.11322,-0.0535024,-0.00655505,,,226,1682.36,963.435,0,-2.1144,-0.0500575,0.00819818
227,1682.19,963.324,0,-2.11108,-0.0594611,-0.00554958,,,227,1682.26,963.371,0,-2.10866,-0.0524575,-0.000113332
228,1682.09,963.219,0,-2.10816,-0.0538693,-0.00707553,,,228,1682.22,963.208,0,-2.11091,-0.0537169,-1.62871E-05
229,1681.89,962.889,0,-2.1087,-0.0513929,-0.00812416,,,229,1681.92,962.8,0,-2.10984,-0.0528259,-0.000885449
230,1681.74,962.63,0,-2.11065,-0.0473958,-0.00955951,,,230,1681.68,962.505,0,-2.10829,-0.0321318,-0.00163754
231,1681.55,962.363,0,-2.1105,-0.0481529,-0.0152942,,,231,1681.52,962.262,0,-2.10959,-0.0352688,-0.00487343
232,1681.33,962.036,0,-2.10724,-0.0489389,-0.017503,,,232,1681.39,962.028,0,-2.10898,-0.0372775,-0.00368275
233,1681.13,961.796,0,-2.10908,-0.0470236,-0.0190976,,,233,1681.27,961.807,0,-2.10785,-0.0367909,-0.00431851
234,1681,961.576,0,-2.10883,-0.047712,-0.0191797,,,234,1681.11,961.574,0,-2.10834,-0.0367645,-0.00575092
235,1680.86,961.336,0,-2.10811,-0.0471952,-0.0187693,,,235,1680.96,961.333,0,-2.10782,-0.0375819,-0.00731662
236,1680.71,961.118,0,-2.10863,-0.0465127,-0.0192008,,,236,1680.82,961.098,0,-2.10787,-0.0393532,-0.0076682
237,1680.58,960.866,0,-2.10842,-0.0478921,-0.0195246,,,237,1680.69,960.843,0,-2.1074,-0.0383843,-0.00801309
238,1680.46,960.652,0,-2.10742,-0.0421842,-0.0200495,,,238,1680.55,960.626,0,-2.10763,-0.0399114,-0.00734905
239,1680.32,960.43,0,-2.10743,-0.0419072,-0.0210024,,,239,1680.41,960.38,0,-2.10743,-0.039427,-0.00747413
240,1680.19,960.203,0,-2.10734,-0.0389954,-0.0210961,,,240,1680.26,960.133,0,-2.1083,-0.0397587,-0.00810398
241,1680.04,959.951,0,-2.10819,-0.0390891,-0.0219138,,,241,1680.1,959.909,0,-2.10881,-0.0402365,-0.00920844
242,1679.9,959.695,0,-2.10875,-0.0379912,-0.0244754,,,242,1679.95,959.628,0,-2.10932,-0.0409374,-0.0100368
243,1679.77,959.424,0,-2.10912,-0.0361714,-0.0275584,,,243,1679.81,959.371,0,-2.10952,-0.0380997,-0.0120476
244,1679.61,959.182,0,-2.10984,-0.0350042,-0.028697,,,244,1679.65,959.194,0,-2.1104,-0.0257811,-0.0268428
245,1679.49,958.935,0,-2.11072,-0.0348344,-0.0260506,,,245,1679.53,958.957,0,-2.11146,-0.0250005,-0.0250397
246,1679.34,958.695,0,-2.11078,-0.0342674,-0.0239238,,,246,1679.37,958.703,0,-2.11209,-0.0256845,-0.0212925
247,1679.22,958.44,0,-2.11132,-0.0349014,-0.0219938,,,247,1679.26,958.448,0,-2.11185,-0.0227477,-0.0152773
248,1679.09,958.177,0,-2.11148,-0.0367899,-0.0191241,,,248,1679.13,958.202,0,-2.11151,-0.024162,-0.0150384
249,1678.93,957.918,0,-2.11195,-0.0379456,-0.0193881,,,249,1678.97,957.975,0,-2.11205,-0.0232137,-0.0163398
250,1678.79,957.695,0,-2.1126,-0.0401392,-0.0178345,,,250,1678.83,957.724,0,-2.11315,-0.0260137,-0.0154975
251,1678.65,957.49,0,-2.11443,-0.0422324,-0.0181729,,,251,1678.67,957.507,0,-2.11492,-0.029915,-0.0156942
252,1678.54,957.313,0,-2.11575,-0.0333997,-0.0167836,,,252,1678.55,957.317,0,-2.11557,-0.030701,-0.0163413
253,1678.41,957.095,0,-2.11746,-0.0367904,-0.0167003,,,253,1678.42,957.092,0,-2.1175,-0.0354986,-0.0165908
254,1678.27,956.889,0,-2.11705,-0.0360924,-0.0167583,,,254,1678.27,956.89,0,-2.11735,-0.0338803,-0.0164279
255,1678.1,956.668,0,-2.11844,-0.0359958,-0.0168708,,,255,1678.12,956.666,0,-2.11834,-0.0330674,-0.0164466
256,1677.95,956.423,0,-2.11905,-0.0364444,-0.01691,,,256,1677.96,956.422,0,-2.11947,-0.0339517,-0.0166707
257,1677.81,956.196,0,-2.12065,-0.0352998,-0.0173175,,,257,1677.81,956.196,0,-2.121,-0.035246,-0.0171798
258,1677.68,955.955,0,-2.12201,-0.0367663,-0.0180219,,,258,1677.69,955.955,0,-2.12216,-0.0366022,-0.0181431
259,1677.54,955.692,0,-2.12476,-0.0364035,-0.0194766,,,259,1677.55,955.683,0,-2.12498,-0.0363367,-0.0196112
260,1677.4,955.421,0,-2.12507,-0.0364352,-0.0169552,,,260,1677.41,955.427,0,-2.12502,-0.0355989,-0.0183886
261,1677.25,955.182,0,-2.12501,-0.0354497,-0.0175741,,,261,1677.24,955.184,0,-2.12503,-0.0348517,-0.0177302
262,1677.07,954.928,0,-2.12531,-0.0377986,-0.0153823,,,262,1677.08,954.933,0,-2.12507,-0.0368294,-0.0162066
263,1676.94,954.69,0,-2.12505,-0.0422369,-0.00848445,,,263,1676.94,954.685,0,-2.12524,-0.0410929,-0.00847238
264,1676.79,954.449,0,-2.12591,-0.0433273,-0.00743058,,,264,1676.8,954.479,0,-2.1267,-0.0380504,-0.0092257
265,1676.64,954.255,0,-2.12724,-0.0410372,-0.00860196,,,265,1676.66,954.265,0,-2.12702,-0.0349238,-0.0096206
266,1676.46,953.997,0,-2.12837,-0.0416174,-0.00873435,,,266,1676.5,954.031,0,-2.1275,-0.0363055,-0.00891812
267,1676.34,953.788,0,-2.12783,-0.0422104,-0.00877152,,,267,1676.36,953.806,0,-2.12792,-0.0370735,-0.0100727
268,1676.2,953.546,0,-2.12774,-0.0414209,-0.00947989,,,268,1676.21,953.566,0,-2.12804,-0.0400233,-0.0101346
269,1676.08,953.32,0,-2.12769,-0.0426654,-0.0104427,,,269,1676.09,953.34,0,-2.12838,-0.0419627,-0.0107116
270,1675.95,953.084,0,-2.12887,-0.0438229,-0.00930868,,,270,1675.96,953.106,0,-2.12925,-0.0422697,-0.0097449
271,1675.81,952.885,0,-2.12879,-0.0434147,-0.0092859,,,271,1675.81,952.906,0,-2.12895,-0.0423043,-0.00934559
272,1675.67,952.644,0,-2.12854,-0.0436423,-0.00716401,,,272,1675.69,952.662,0,-2.12884,-0.0422427,-0.00754304
273,1675.51,952.44,0,-2.1286,-0.0440523,-0.00786515,,,273,1675.52,952.458,0,-2.12899,-0.0429446,-0.0080218
274,1675.34,952.203,0,-2.12855,-0.0447934,-0.00819458,,,274,1675.36,952.204,0,-2.12909,-0.0433303,-0.0079254
275,1675.19,951.958,0,-2.12873,-0.054256,-0.00297042,,,275,1675.21,951.985,0,-2.12792,-0.044471,-0.00393202
276,1675.02,951.726,0,-2.12845,-0.0555233,-0.00276812,,,276,1675.05,951.762,0,-2.12755,-0.0458255,-0.00386376
277,1674.88,951.49,0,-2.12735,-0.0566897,-0.00188568,,,277,1674.91,951.52,0,-2.12775,-0.0487525,-0.0033991
278,1674.72,951.262,0,-2.12649,-0.0579131,-0.00226994,,,278,1674.74,951.256,0,-2.12711,-0.0585003,-0.00226117
279,1674.59,951.03,0,-2.12394,-0.0585095,-0.00222602,,,279,1674.6,951.027,0,-2.12466,-0.0589439,-0.00246347
280,1674.45,950.81,0,-2.12214,-0.0589773,-0.00229742,,,280,1674.45,950.785,0,-2.12284,-0.0595016,-0.00243021
281,1674.32,950.57,0,-2.11797,-0.0591439,-0.00309813,,,281,1674.33,950.566,0,-2.11874,-0.059714,-0.0028491
282,1674.14,950.317,0,-2.11431,-0.0587485,-0.00402593,,,282,1674.15,950.31,0,-2.11574,-0.0599601,-0.00355387
283,1674.01,950.047,0,-2.1071,-0.0597131,-0.00408656,,,283,1674.02,950.038,0,-2.10857,-0.0608687,-0.0038833
284,1673.86,949.809,0,-2.10211,-0.0615901,-0.0028993,,,284,1673.87,949.783,0,-2.10324,-0.0620277,-0.00359886
285,1673.71,949.538,0,-2.0936,-0.0604335,-0.00343535,,,285,1673.74,949.536,0,-2.09406,-0.0609748,0.00478422
286,1673.6,949.293,0,-2.08565,-0.0600918,0.00554125,,,286,1673.63,949.291,0,-2.08642,-0.0605669,0.00701552
287,1673.47,949.046,0,-2.07567,-0.0615994,0.006029,,,287,1673.5,949.044,0,-2.07676,-0.0631338,0.00734669
288,1673.33,948.834,0,-2.06986,-0.0612224,0.00614806,,,288,1673.35,948.825,0,-2.07074,-0.0642385,0.00818032
289,1673.25,948.672,0,-2.0609,-0.0393878,0.00681821,,,289,1673.2,948.571,0,-2.06098,-0.0659667,0.00814738
290,1673.12,948.464,0,-2.05369,-0.0398879,0.00552725,,,290,1673.08,948.364,0,-2.05413,-0.0666242,0.00667378
291,1673,948.184,0,-2.04175,-0.0424668,0.00599146,,,291,1672.92,948.059,0,-2.04029,-0.0680396,0.00663057
292,1672.89,947.989,0,-2.03327,-0.0440714,0.00530996,,,292,1672.85,947.896,0,-2.03235,-0.0695871,0.00544447
293,1672.75,947.717,0,-2.01982,-0.0504786,0.00530044,,,293,1672.71,947.594,0,-2.0184,-0.0701424,0.0054655
294,1672.63,947.467,0,-2.00971,-0.0519326,0.00521978,,,294,1672.61,947.393,0,-2.00989,-0.0697422,0.00467733
295,1672.53,947.191,0,-1.99561,-0.0519854,0.00484422,,,295,1672.49,947.104,0,-1.99478,-0.0692474,0.00347707
296,1672.42,946.941,0,-1.98477,-0.0512592,0.00584179,,,296,1672.42,946.91,0,-1.98719,-0.0677454,0.0045972
297,1672.31,946.682,0,-1.97179,-0.0514772,0.00685769,,,297,1672.3,946.635,0,-1.97205,-0.0665007,0.00663518
298,1672.2,946.427,0,-1.95825,-0.0512759,0.00763747,,,298,1672.22,946.483,0,-1.96076,-0.0512463,0.00847154
299,1672.05,946.124,0,-1.94106,-0.051962,0.00762616,,,299,1672.07,946.122,0,-1.94187,-0.0531238,0.00964842
300,1671.93,945.868,0,-1.93115,-0.0533696,0.0081647,,,300,1671.98,945.891,0,-1.93226,-0.0541648,0.0104765
301,1671.82,945.558,0,-1.91458,-0.0535936,0.00734945,,,301,1671.85,945.56,0,-1.91506,-0.054155,0.00986706
302,1671.72,945.33,0,-1.90385,-0.0555353,0.00746937,,,302,1671.77,945.344,0,-1.90459,-0.056079,0.00934653
303,1671.63,945.049,0,-1.88517,-0.0549828,0.00676298,,,303,1671.67,945.022,0,-1.88566,-0.0560593,0.00831462
304,1671.57,944.805,0,-1.8736,-0.0569147,0.00692526,,,304,1671.63,944.865,0,-1.8766,-0.0584999,0.00798645
305,1671.42,944.497,0,-1.8543,-0.0584469,0.00591821,,,305,1671.53,944.599,0,-1.85923,-0.0599625,0.00754339
306,1671.34,944.279,0,-1.8434,-0.0558831,0.00376656,,,306,1671.43,944.31,0,-1.84404,-0.0595232,0.00794236
307,1671.25,943.987,0,-1.8232,-0.0555996,0.00291209,,,307,1671.26,943.958,0,-1.82553,-0.0601548,0.0043769
308,1671.18,943.745,0,-1.81029,-0.0564693,0.00446384,,,308,1671.19,943.75,0,-1.81383,-0.059602,0.00501598
309,1671.15,943.467,0,-1.78768,-0.0587358,0.00973031,,,309,1671.2,943.489,0,-1.79079,-0.0585872,0.0100669
310,1671.11,943.197,0,-1.77359,-0.0592993,0.010041,,,310,1671.14,943.249,0,-1.77587,-0.0540884,0.0119764
311,1671.05,942.9,0,-1.75261,-0.0611639,0.00978195,,,311,1671.09,942.918,0,-1.75483,-0.0604795,0.0118126
312,1671.01,942.64,0,-1.7398,-0.0611104,0.0111527,,,312,1671.05,942.7,0,-1.74315,-0.0575234,0.0124866
313,1670.93,942.309,0,-1.72013,-0.0648213,0.012789,,,313,1670.95,942.346,0,-1.72361,-0.0644906,0.014239
314,1670.88,942.031,0,-1.70765,-0.0664335,0.0148349,,,314,1670.9,942.01,0,-1.70898,-0.065041,0.0153698
315,1670.83,941.739,0,-1.68775,-0.0674037,0.014178,,,315,1670.85,941.754,0,-1.69005,-0.0674914,0.0144729
316,1670.81,941.474,0,-1.67296,-0.0704233,0.0140631,,,316,1670.84,941.5,0,-1.67461,-0.0688983,0.0144991
317,1670.79,941.239,0,-1.65085,-0.0670351,0.00938314,,,317,1670.83,941.297,0,-1.65415,-0.0623478,0.0102843
318,1670.81,941.024,0,-1.63694,-0.0648628,0.00982538,,,318,1670.82,941.008,0,-1.63746,-0.0608051,0.0101253
319,1670.74,940.668,0,-1.61505,-0.0673697,0.0114129,,,319,1670.77,940.67,0,-1.61661,-0.0649036,0.0115044
320,1670.74,940.454,0,-1.60218,-0.0580242,0.0140944,,,320,1670.76,940.401,0,-1.60379,-0.0650378,0.0122478
321,1670.72,940.111,0,-1.58058,-0.0599791,0.0121681,,,321,1670.74,940.074,0,-1.58142,-0.06408,0.0102082
322,1670.74,939.843,0,-1.56678,-0.0605144,0.0128108,,,322,1670.76,939.797,0,-1.56759,-0.0658927,0.0103337
323,1670.77,939.648,0,-1.54344,-0.0455189,0.0109178,,,323,1670.78,939.558,0,-1.54302,-0.0517853,0.0106782
324,1670.76,939.356,0,-1.53089,-0.0466113,0.0102572,,,324,1670.75,939.247,0,-1.52944,-0.0541223,0.0096519
325,1670.78,939.055,0,-1.50885,-0.0474541,0.00971325,,,325,1670.77,938.964,0,-1.50773,-0.0531793,0.00922026
326,1670.83,938.827,0,-1.49567,-0.0497652,0.0114453,,,326,1670.81,938.765,0,-1.49584,-0.054614,0.00993172
327,1670.86,938.54,0,-1.47377,-0.0506218,0.0111405,,,327,1670.85,938.486,0,-1.47352,-0.0554211,0.00973229
328,1670.87,938.257,0,-1.45858,-0.0557688,0.0110674,,,328,1670.87,938.226,0,-1.45942,-0.0568949,0.0107665
329,1670.86,937.92,0,-1.43615,-0.0567714,0.0100384,,,329,1670.85,937.877,0,-1.43656,-0.05875,0.00935678
330,1670.88,937.665,0,-1.42283,-0.0574061,0.0101686,,,330,1670.87,937.635,0,-1.42307,-0.058455,0.00972421
331,1670.9,937.369,0,-1.39947,-0.0556988,0.010334,,,331,1670.91,937.361,0,-1.40083,-0.0567137,0.00989614
332,1670.95,937.093,0,-1.38688,-0.0548427,0.00900917,,,332,1670.98,937.133,0,-1.38988,-0.0562991,0.00858565
333,1671.02,936.81,0,-1.36687,-0.0535589,0.0082893,,,333,1671.01,936.782,0,-1.36725,-0.0544971,0.00791743
334,1671.08,936.572,0,-1.3546,-0.0462767,0.00992916,,,334,1671.06,936.526,0,-1.35559,-0.055278,0.00801325
335,1671.13,936.353,0,-1.33332,-0.0300141,0.0153839,,,335,1671.16,936.242,0,-1.33594,-0.0566307,0.00953965
336,1671.24,936.138,0,-1.31965,-0.0287102,0.0191143,,,336,1671.29,936.044,0,-1.32505,-0.0585964,0.0107062
337,1671.31,935.875,0,-1.29808,-0.0293842,0.0183003,,,337,1671.35,935.769,0,-1.3026,-0.0597111,0.00831957
338,1671.35,935.547,0,-1.28418,-0.0336859,0.0147892,,,338,1671.35,935.44,0,-1.28746,-0.0579822,0.00811459
339,1671.41,935.279,0,-1.26231,-0.035755,0.0145162,,,339,1671.4,935.109,0,-1.26289,-0.061786,0.00723522
340,1671.52,935.039,0,-1.24965,-0.0360062,0.01709,,,340,1671.52,934.901,0,-1.25242,-0.0641389,0.00803752
341,1671.63,934.791,0,-1.2305,-0.0361757,0.0190537,,,341,1671.59,934.607,0,-1.23163,-0.0633604,0.00824388
342,1671.7,934.552,0,-1.21841,-0.0372191,0.0189612,,,342,1671.71,934.416,0,-1.22121,-0.0632512,0.00864257
343,1671.83,934.363,0,-1.19671,-0.0285731,0.0252794,,,343,1671.83,934.161,0,-1.20059,-0.0637217,0.00814265
344,1671.87,934.088,0,-1.18516,-0.0255292,0.0268836,,,344,1671.82,933.783,0,-1.18553,-0.0661952,0.0083199
345,1671.94,933.836,0,-1.16389,-0.02532,0.027505,,,345,1671.92,933.589,0,-1.16535,-0.0587614,0.0152577
346,1672.08,933.577,0,-1.15274,-0.0309712,0.027836,,,346,1672.02,933.442,0,-1.15152,-0.0483384,0.0232395
347,1672.23,933.352,0,-1.13404,-0.0312824,0.0261949,,,347,1671.91,933.69,0,-1.14743,-0.0513274,0.0116492
348,1672.35,933.093,0,-1.12149,-0.0329159,0.0241556,,,348,1672.09,933.68,0,-1.13882,-0.0392845,0.0163442
349,1672.06,933.208,0,-1.11018,-0.032809,0.0190918,,,349,1672.18,933.413,0,-1.11559,-0.0338807,0.0183324
350,1672.18,932.927,0,-1.09653,-0.0355796,0.0175338,,,350,1672.32,933.248,0,-1.10182,-0.0327827,0.0202858
351,1672.46,933.079,0,-1.0888,-0.0330444,0.0198268,,,351,1672.54,933.332,0,-1.09151,-0.0297219,0.0228203
352,1672.86,933.077,0,-1.07189,-0.0351716,0.0214486,,,352,1672.78,933.201,0,-1.07405,-0.0314388,0.0229468
353,1672.98,932.833,0,-1.0523,-0.0349105,0.0227694,,,353,1672.97,932.8,0,-1.05042,-0.0318471,0.023333
354,1673.14,932.635,0,-1.04039,-0.0300848,0.0279053,,,354,1673.04,932.651,0,-1.03891,-0.0309933,0.0261773
355,1673.26,932.442,0,-1.0225,-0.028027,0.0287038,,,355,1673.29,932.366,0,-1.02205,-0.0314547,0.0265596
356,1673.41,932.253,0,-1.01098,-0.0191923,0.0320833,,,356,1673.37,932.254,0,-1.01035,-0.0194546,0.0319783
357,1673.55,932.037,0,-0.990352,-0.0193235,0.0347454,,,357,1673.52,931.971,0,-0.987816,-0.020398,0.0342614
358,1673.71,931.798,0,-0.979875,-0.0182621,0.0347222,,,358,1673.69,931.848,0,-0.979977,-0.0180286,0.0366155
359,1673.86,931.576,0,-0.960417,-0.0166111,0.0304078,,,359,1673.69,931.726,0,-0.964231,-0.0163865,0.0310403
360,1674.02,931.362,0,-0.950176,-0.0131545,0.0312912,,,360,1673.85,931.6,0,-0.955574,-0.0107111,0.0338222
361,1674.16,931.146,0,-0.934977,-0.0143066,0.025419,,,361,1673.95,931.444,0,-0.939363,-0.0099729,0.0357556
362,1674.25,930.886,0,-0.92637,-0.0157403,0.024735,,,362,1674.08,931.177,0,-0.928447,-0.0068739,0.03305
363,1674.43,930.668,0,-0.910287,-0.0164295,0.0239822,,,363,1674.28,930.955,0,-0.911109,-0.00659544,0.0412834
364,1674.61,930.438,0,-0.899104,-0.0175613,0.02397,,,364,1674.49,930.751,0,-0.901408,-0.00762546,0.0422238
365,1674.76,930.217,0,-0.882992,-0.0185178,0.0235667,,,365,1674.66,930.505,0,-0.884273,-0.00956808,0.0403253
366,1674.94,930.006,0,-0.873851,-0.0191313,0.0234755,,,366,1674.82,930.303,0,-0.876285,-0.0102789,0.0391673
367,1675.12,929.797,0,-0.85924,-0.0199502,0.0212504,,,367,1675,930.013,0,-0.858649,-0.0118954,0.0351746
368,1675.29,929.544,0,-0.852429,-0.0212737,0.021154,,,368,1675.1,929.837,0,-0.854137,-0.011636,0.0339306
369,1675.48,929.327,0,-0.839825,-0.0227193,0.0201855,,,369,1675.3,929.489,0,-0.839754,-0.01105,0.0210484
370,1675.61,929.153,0,-0.831568,-0.0175527,0.0153523,,,370,1675.4,929.286,0,-0.833667,-0.0104867,0.00219432
371,1675.86,928.992,0,-0.819625,-0.0189094,0.0152442,,,371,1675.56,929.087,0,-0.82178,-0.0131148,-0.00206668
372,1675.99,928.785,0,-0.813795,-0.018659,0.0170061,,,372,1675.73,928.896,0,-0.815712,-0.0129082,0.000490276
373,1676.19,928.575,0,-0.800245,-0.0205008,0.0168509,,,373,1675.95,928.666,0,-0.803397,-0.0148523,0.00178986
374,1676.4,928.383,0,-0.794386,-0.0197191,0.0160403,,,374,1676.13,928.483,0,-0.798281,-0.0147082,0.00372733
375,1676.63,928.214,0,-0.78401,-0.02007,0.0174388,,,375,1676.37,928.277,0,-0.784843,-0.015037,0.00343096
376,1676.83,928.021,0,-0.778572,-0.0182838,0.0188884,,,376,1676.57,928.065,0,-0.779224,-0.0174299,0.00190135
377,1677.03,927.84,0,-0.770297,-0.0195385,0.0187,,,377,1676.81,927.977,0,-0.771014,-0.0143328,0.0147321
378,1677.22,927.633,0,-0.764558,-0.019268,0.0214815,,,378,1677.02,927.779,0,-0.766133,-0.0148144,0.0157709
379,1677.45,927.426,0,-0.754801,-0.0212136,0.0195624,,,379,1677.23,927.554,0,-0.755742,-0.0165398,0.013742
380,1677.65,927.215,0,-0.749266,-0.0206423,0.0189188,,,380,1677.44,927.337,0,-0.75073,-0.0171826,0.01234
381,1677.87,926.994,0,-0.740405,-0.0226658,0.016661,,,381,1677.64,927.142,0,-0.741854,-0.0178003,0.0122386
382,1678.06,926.858,0,-0.736579,-0.020406,0.0199401,,,382,1677.86,926.955,0,-0.737914,-0.0176983,0.010791
383,1678.33,926.703,0,-0.729091,-0.017306,0.023932,,,383,1678.09,926.775,0,-0.730811,-0.0174666,0.0118745
384,1678.55,926.502,0,-0.724925,-0.0173097,0.0247127,,,384,1678.32,926.552,0,-0.726641,-0.0181916,0.0121902
385,1678.79,926.308,0,-0.717596,-0.0172847,0.0246634,,,385,1678.53,926.396,0,-0.720565,-0.0172369,0.00802303
386,1679.03,926.125,0,-0.713319,-0.0174383,0.0288903,,,386,1678.78,926.187,0,-0.715798,-0.0177478,0.0134025
387,1679.27,925.914,0,-0.70822,-0.0181275,0.0293349,,,387,1678.96,926.015,0,-0.711848,-0.0161316,0.0109494
388,1679.44,925.701,0,-0.704488,-0.0181802,0.0300341,,,388,1679.19,925.753,0,-0.706367,-0.0155116,0.0131052
389,1679.7,925.495,0,-0.699507,-0.0176681,0.0293655,,,389,1679.46,925.556,0,-0.701196,-0.0154247,0.0128325
